bin,afb,fl from ctl,fl from ctk,s3,s4,s5,s7,s8,s9
0,0.021109473,0.036793108,0.017068488,0.034140686,0.019157598,0.016371975,0.019616413,0.019706202,0.034494775
1,0.022614628,0.038270095,0.022307623,0.044067326,0.015708397,0.014704548,0.015692602,0.015678257,0.043902299
2,0.023188635,0.040568093,0.021405408,0.046412615,0.013719575,0.013765223,0.014016382,0.013997247,0.045653447
3,0.018833639,0.032675663,0.017739893,0.036823976,0.011135942,0.009879015,0.011686181,0.011677743,0.036001103
4,0.017189422,0.027833783,0.017362508,0.033714763,0.010776714,0.006862386,0.012076904,0.012075491,0.032881657
5,0.019753085,0.034212131,0.018494794,0.035173464,0.009583327,0.012103105,0.018039766,0.018183581,0.035210995
6,0.023997121,0.042040442,0.020894623,0.040193826,0.012743365,0.017715648,0.021192145,0.02130178,0.041297421
